id,title,season,episode,air_date,youtube_src,img_src,num_colors,extra_info
1,A Walk in the Woods,1,1,1983-01-11,https://www.youtube.com/embed/oh5p5f5_-7A,https://www.twoinchbrush.com/images/painting282.png,8,
2,Mount McKinley,1,2,1983-01-11,https://www.youtube.com/embed/RInDWhYceLU,https://www.twoinchbrush.com/images/painting283.png,8,
3,Ebony Sunset,1,3,1983-01-18,https://www.youtube.com/embed/UOziR7PoVco,https://www.twoinchbrush.com/images/painting284.png,9,
4,Winter Mist,1,4,1983-01-25,https://www.youtube.com/embed/0pwoixRikn4,https://www.twoinchbrush.com/images/painting285.png,3,
5,Quiet Stream,1,5,1983-02-01,https://www.youtube.com/embed/DFSIQNjKRfk,https://www.twoinchbrush.com/images/painting286.png,8,
6,Winter Moon,1,6,1983-02-08,https://www.youtube.com/embed/loAzRUzx1wI,https://www.twoinchbrush.com/images/painting287.png,4,
7,Autumn Mountains,1,7,1983-02-15,https://www.youtube.com/embed/sDdpc8uisD0,https://www.twoinchbrush.com/images/painting288.png,8,
8,Peaceful Valley,1,8,1983-02-22,https://www.youtube.com/embed/kQlFwTOkYzg,https://www.twoinchbrush.com/images/painting289.png,8,
9,Seascape,1,9,1983-03-01,https://www.youtube.com/embed/QxcS7p1VHyQ,https://www.twoinchbrush.com/images/painting290.png,8,
10,Mountain Lake,1,10,1983-03-08,https://www.youtube.com/embed/wDnLlywAL5I,https://www.twoinchbrush.com/images/painting291.png,8,
11,Winter Glow,1,11,1983-03-15,https://www.youtube.com/embed/Q03YvknOVe0,https://www.twoinchbrush.com/images/painting292.png,8,
12,Snowfall,1,12,1983-03-22,https://www.youtube.com/embed/4E35-8x_y04,https://www.twoinchbrush.com/images/painting293.png,4,
13,Final Reflections,1,13,1983-03-29,https://www.youtube.com/embed/IEQWfszfRlA,https://www.twoinchbrush.com/images/painting294.png,8,
14,Meadow Lake,2,1,1983-08-31,https://www.youtube.com/embed/GARWowi0QXI,https://www.twoinchbrush.com/images/painting269.png,12,
15,Winter Sun,2,2,1983-09-07,https://www.youtube.com/embed/VPfYRj4DDco,https://www.twoinchbrush.com/images/painting270.png,12,
16,Ebony Sea,2,3,1983-09-14,https://www.youtube.com/embed/aOJsKNzO3i8,https://www.twoinchbrush.com/images/painting271.png,13,
17,Shades of Gray,2,4,1983-09-21,https://www.youtube.com/embed/I-ousb8-SD0,https://www.twoinchbrush.com/images/painting272.png,3,
18,Autumn Splendor,2,5,1983-09-28,https://www.youtube.com/embed/rTTWw5Gd79I,https://www.twoinchbrush.com/images/painting273.png,11,
19,Black River,2,6,1983-10-05,https://www.youtube.com/embed/6O4sfJd8G_M,https://www.twoinchbrush.com/images/painting274.png,11,
20,Brown Mountain,2,7,1983-10-12,https://www.youtube.com/embed/Vx6v47gHBWM,https://www.twoinchbrush.com/images/painting275.png,11,
21,Reflections,2,8,1983-10-19,https://www.youtube.com/embed/0FYfo94qefg,https://www.twoinchbrush.com/images/painting276.png,12,
22,Black & White Seascape,2,9,1983-10-26,https://www.youtube.com/embed/PMDyPrE0puo,https://www.twoinchbrush.com/images/painting277.png,12,
23,Lazy River,2,10,1983-11-02,https://www.youtube.com/embed/BW2wKKFvH1g,https://www.twoinchbrush.com/images/painting278.png,12,
24,Black Waterfall,2,11,1983-11-09,https://www.youtube.com/embed/GzSqjyQUPZQ,https://www.twoinchbrush.com/images/painting279.png,12,
25,Mountain Waterfall,2,12,1983-11-16,https://www.youtube.com/embed/9jIt95PCFAA,https://www.twoinchbrush.com/images/painting280.png,12,
26,Final Grace,2,13,1983-11-23,https://www.youtube.com/embed/miJ19Kz_i3Y,https://www.twoinchbrush.com/images/painting281.png,12,
27,Mountain Retreat,3,1,1984-01-04,https://www.youtube.com/embed/hoimk4s8JoQ,https://www.twoinchbrush.com/images/painting256.png,12,
28,Blue Moon,3,2,1984-01-11,https://www.youtube.com/embed/loit61vLUMc,https://www.twoinchbrush.com/images/painting257.png,12,
29,Bubbling Stream,3,3,1984-01-18,https://www.youtube.com/embed/fuFalEXVN0k,https://www.twoinchbrush.com/images/painting258.png,12,
30,Winter Night,3,4,1984-01-25,https://www.youtube.com/embed/8ysFkNYwhAE,https://www.twoinchbrush.com/images/painting259.png,7,
31,Distant Hills,3,5,1984-02-01,https://www.youtube.com/embed/8Zge88tVwjE,https://www.twoinchbrush.com/images/painting260.png,7,
32,Covered Bridge,3,6,1984-02-08,https://www.youtube.com/embed/OHSm8kLE7js,https://www.twoinchbrush.com/images/painting261.png,10,
33,Quiet Inlet,3,7,1984-02-15,https://www.youtube.com/embed/9N5IWKzYIyU,https://www.twoinchbrush.com/images/painting262.png,10,
34,Night Light,3,8,1984-02-22,https://www.youtube.com/embed/l141Y0x8om0,https://www.twoinchbrush.com/images/painting263.png,9,
35,The Old Mill,3,9,1984-03-01,https://www.youtube.com/embed/OFKFUJ9eDNs,https://www.twoinchbrush.com/images/painting264.png,10,
36,Campfire,3,10,1984-03-08,https://www.youtube.com/embed/L5bXkI0-pEg,https://www.twoinchbrush.com/images/painting265.png,8,
37,Rustic Barn,3,11,1984-03-15,https://www.youtube.com/embed/WJJwrnFhUUg,https://www.twoinchbrush.com/images/painting266.png,12,
38,Hidden Lake,3,12,1984-03-22,https://www.youtube.com/embed/P_DaqkFbnac,https://www.twoinchbrush.com/images/painting267.png,10,
39,Peaceful Waters,3,13,1984-03-29,https://www.youtube.com/embed/Z0vtjRLqXcQ,https://www.twoinchbrush.com/images/painting268.png,9,
40,Purple Splendor,4,1,1984-09-05,https://www.youtube.com/embed/hP4GfMgsNVE,https://www.twoinchbrush.com/images/painting243.png,4,
41,Tranquil Valley,4,2,1984-09-12,https://www.youtube.com/embed/PbchoOWWCZs,https://www.twoinchbrush.com/images/painting244.png,10,
42,Majestic Mountains,4,3,1984-09-19,https://www.youtube.com/embed/NcVeRlPu_5w,https://www.twoinchbrush.com/images/painting245.png,12,
43,Winter Sawscape,4,4,1984-09-26,https://www.youtube.com/embed/lmKAwKrONmE,https://www.twoinchbrush.com/images/painting246.png,7,
44,Evening Seascape,4,5,1984-10-03,https://www.youtube.com/embed/y5k4GXw_-yI,https://www.twoinchbrush.com/images/painting247.png,10,
45,Warm Summer Day,4,6,1984-10-10,https://www.youtube.com/embed/GBN9AIw3Ao4,https://www.twoinchbrush.com/images/painting248.png,11,
46,Cabin in the Woods,4,7,1984-10-17,https://www.youtube.com/embed/81QKellPA70,https://www.twoinchbrush.com/images/painting249.png,11,
47,Wetlands,4,8,1984-10-24,https://www.youtube.com/embed/2FpVyGanPwM,https://www.twoinchbrush.com/images/painting250.png,10,
48,Cool Waters,4,9,1984-10-31,https://www.youtube.com/embed/tJRvBcqQd5A,https://www.twoinchbrush.com/images/painting251.png,12,
49,Quiet Woods,4,10,1984-11-07,https://www.youtube.com/embed/wIZX57I4aDs,https://www.twoinchbrush.com/images/painting252.png,11,
50,Northwest Majesty,4,11,1984-11-14,https://www.youtube.com/embed/9DU6bunvD_g,https://www.twoinchbrush.com/images/painting253.png,10,
51,Autumn Days,4,12,1984-11-21,https://www.youtube.com/embed/VAdMkf-AAPM,https://www.twoinchbrush.com/images/painting254.png,12,
52,Mountain Challenge,4,13,1984-11-28,https://www.youtube.com/embed/o2cjLA_wgIk,https://www.twoinchbrush.com/images/painting255.png,10,
53,Mountain Waterfall,5,1,1985-01-02,https://www.youtube.com/embed/DqhzxdkdQS0,https://www.twoinchbrush.com/images/painting230.png,11,
54,Twilight Meadow,5,2,1985-01-09,https://www.youtube.com/embed/6evqNlOO7Bw,https://www.twoinchbrush.com/images/painting231.png,12,
55,Mountain Blossoms,5,3,1985-01-16,https://www.youtube.com/embed/UVhhStJAJZc,https://www.twoinchbrush.com/images/painting232.png,5,
56,Winter Stillness,5,4,1985-01-23,https://www.youtube.com/embed/qg9c1SqdRko,https://www.twoinchbrush.com/images/painting233.png,7,
57,Quiet Pond,5,5,1985-01-30,https://www.youtube.com/embed/aiK9xOIJtV8,https://www.twoinchbrush.com/images/painting234.png,10,
58,Bubbling Brook,5,6,1985-02-13,https://www.youtube.com/embed/u0Bz6TNUK1Q,https://www.twoinchbrush.com/images/painting235.png,6,"{""guest"": ""Steve Ross"", ""relationship"": ""son""}"
59,Arizona Splendor,5,7,1985-02-20,https://www.youtube.com/embed/LiKCzeqn-kg,https://www.twoinchbrush.com/images/painting236.png,10,
60,The Windmill,5,8,1985-03-06,https://www.youtube.com/embed/spFwCh2616s,https://www.twoinchbrush.com/images/painting237.png,9,
61,Autumn Glory,5,9,1985-03-13,https://www.youtube.com/embed/DFQlu6eqrBo,https://www.twoinchbrush.com/images/painting238.png,6,"{""guest"": ""Steve Ross"", ""relationship"": ""son""}"
62,Indian Girl,5,10,1985-03-20,https://www.youtube.com/embed/xj8xsTSkbUk,https://www.twoinchbrush.com/images/painting239.png,11,
63,Meadow Stream,5,11,1985-03-27,https://www.youtube.com/embed/yTzlm_t0RmY,https://www.twoinchbrush.com/images/painting240.png,8,
64,Blue River,5,12,1985-05-01,https://www.youtube.com/embed/2uXMx8Kjs8I,https://www.twoinchbrush.com/images/painting241.png,5,
65,Nature's Edge,5,13,1985-05-08,https://www.youtube.com/embed/87MMbN1bQCs,https://www.twoinchbrush.com/images/painting242.png,11,
66,Morning Mist,6,1,1985-05-15,https://www.youtube.com/embed/LygUyAb78oY,https://www.twoinchbrush.com/images/painting217.png,12,
67,Whispering Stream,6,2,1985-05-22,https://www.youtube.com/embed/Bcqyzo85A1o,https://www.twoinchbrush.com/images/painting218.png,11,
68,Secluded Forest,6,3,1985-05-29,https://www.youtube.com/embed/wbZreRaE74k,https://www.twoinchbrush.com/images/painting219.png,10,
69,Snow Trail,6,4,1985-06-05,https://www.youtube.com/embed/QglIjlqsUdU,https://www.twoinchbrush.com/images/painting220.png,11,
70,Arctic Beauty,6,5,1985-06-12,https://www.youtube.com/embed/USkduOfwJok,https://www.twoinchbrush.com/images/painting221.png,12,
71,Horizons West,6,6,1985-06-19,https://www.youtube.com/embed/n9EsFFtwZnE,https://www.twoinchbrush.com/images/painting222.png,8,
72,High Chateau,6,7,1985-06-26,https://www.youtube.com/embed/UQ-RTZCOQn0,https://www.twoinchbrush.com/images/painting223.png,11,
73,Country Life,6,8,1985-07-02,https://www.youtube.com/embed/m6UM-rN2D6s,https://www.twoinchbrush.com/images/painting224.png,7,
74,Western Expanse,6,9,1985-07-09,https://www.youtube.com/embed/dafH8ks9Zww,https://www.twoinchbrush.com/images/painting225.png,11,
75,Marshlands,6,10,1985-07-16,https://www.youtube.com/embed/j8Jf7QVKLgQ,https://www.twoinchbrush.com/images/painting226.png,10,
76,Blaze of Color,6,11,1985-07-23,https://www.youtube.com/embed/MTInkV5ODjk,https://www.twoinchbrush.com/images/painting227.png,11,
77,Winter Cabin,6,12,1985-10-02,https://www.youtube.com/embed/Ugiwi8uizpg,https://www.twoinchbrush.com/images/painting228.png,11,
78,Secluded Lake,6,13,1985-10-09,https://www.youtube.com/embed/se7wOprxRGs,https://www.twoinchbrush.com/images/painting229.png,11,
79,Evergreen at Sunset,7,1,1985-10-16,https://www.youtube.com/embed/kdlHV6ceI_gw,https://www.twoinchbrush.com/images/painting203.png,6,
80,Mountain Cabin,7,2,1985-10-23,https://www.youtube.com/embed/2OxSJcFvpoU,https://www.twoinchbrush.com/images/painting204.png,12,
81,Portrait of Sally,7,3,1985-10-30,https://www.youtube.com/embed/YQPEy3hYGo8,https://www.twoinchbrush.com/images/painting205.png,7,
82,Misty Waterfall,7,4,1985-11-06,https://www.youtube.com/embed/E3IAMvO8GyM,https://www.twoinchbrush.com/images/painting206.png,12,
83,Barn at Sunset,7,5,1985-11-13,https://www.youtube.com/embed/MHJB0IBnuD4,https://www.twoinchbrush.com/images/painting208.png,8,
84,Mountain Splendor,7,6,1985-11-20,https://www.youtube.com/embed/530_cVmexiI,https://www.twoinchbrush.com/images/painting209.png,11,
85,Lake by Mountain,7,7,1985-11-27,https://www.youtube.com/embed/WT6n0K2zGnA,https://www.twoinchbrush.com/images/painting210.png,10,
86,Mountain Glory,7,8,1985-12-06,https://www.youtube.com/embed/GhOGZMpPUSE,https://www.twoinchbrush.com/images/painting211.png,11,
87,Grey Winter,7,9,1985-12-13,https://www.youtube.com/embed/yAiYirlcq7o,https://www.twoinchbrush.com/images/painting212.png,11,
88,Dock Scene,7,10,1985-12-20,https://www.youtube.com/embed/0M9pwLHRR2c,https://www.twoinchbrush.com/images/painting213.png,11,
89,Dark Waterfall,7,11,1985-12-27,https://www.youtube.com/embed/sS-hNYgDUak,https://www.twoinchbrush.com/images/painting214.png,3,
90,Misty Rolling Hills,7,12,1986-01-02,https://www.youtube.com/embed/4KYxkqlzyqM,https://www.twoinchbrush.com/images/painting215.png,9,
91,Lakeside Cabin,7,13,1986-01-09,https://www.youtube.com/embed/VqMbL00eZqw,https://www.twoinchbrush.com/images/painting216.png,11,
92,Warm Winter Day,8,1,1986-01-16,https://www.youtube.com/embed/cC5ozePVKGI,https://www.twoinchbrush.com/images/painting190.png,10,
93,Waterside Way,8,2,1986-01-23,https://www.youtube.com/embed/CP6_5cQVZvQ,https://www.twoinchbrush.com/images/painting191.png,12,
94,Hunter's Haven,8,3,1986-01-30,https://www.youtube.com/embed/mUJoNLWQ1yI,https://www.twoinchbrush.com/images/painting192.png,10,
95,Bubbling Mountain Brook,8,4,1986-02-06,https://www.youtube.com/embed/uj5FE70BcB0,https://www.twoinchbrush.com/images/painting193.png,11,
96,Winter Hideaway,8,5,1986-02-13,https://www.youtube.com/embed/Da4SPyh1ATM,https://www.twoinchbrush.com/images/painting194.png,11,
97,Foot of the Mountain,8,6,1986-02-20,https://www.youtube.com/embed/U2_SKgM3f4A,https://www.twoinchbrush.com/images/painting195.png,11,
98,Majestic Pine,8,7,1986-02-27,https://www.youtube.com/embed/19oz9XHZNzA,https://www.twoinchbrush.com/images/painting196.png,10,
99,Cactus at Sunset,8,8,1986-03-06,https://www.youtube.com/embed/cIUBUc_ITBc,https://www.twoinchbrush.com/images/painting197.png,13,
100,Mountain Range,8,9,1986-03-13,https://www.youtube.com/embed/x5CoQj9zr-c,https://www.twoinchbrush.com/images/painting198.png,11,
101,Lonely Retreat,8,10,1986-03-20,https://www.youtube.com/embed/XBqD3QhKU24,https://www.twoinchbrush.com/images/painting199.png,10,
102,Northern Lights,8,11,1986-03-27,https://www.youtube.com/embed/V_l6olF3yHI,https://www.twoinchbrush.com/images/painting200.png,10,
103,Winter Evergreens,8,12,1986-04-30,https://www.youtube.com/embed/qTDQt_PdlYc,https://www.twoinchbrush.com/images/painting201.png,10,
104,Surf's Up,8,13,1986-05-07,https://www.youtube.com/embed/vgbMONXc9Cs,https://www.twoinchbrush.com/images/painting202.png,9,
105,Red Sunset,9,1,1986-05-14,https://www.youtube.com/embed/O6L5YPt9CeU,https://www.twoinchbrush.com/images/painting177.png,9,
106,Meadow Road,9,2,1986-05-21,https://www.youtube.com/embed/ZKxFvyyOBPQ,https://www.twoinchbrush.com/images/painting178.png,11,
107,Winter Oval,9,3,1986-05-28,https://www.youtube.com/embed/e5JhYi_G-l0,https://www.twoinchbrush.com/images/painting179.png,11,
108,Secluded Beach,9,4,1986-06-04,https://www.youtube.com/embed/u5VT_WGM0kg,https://www.twoinchbrush.com/images/painting180.png,11,
109,Forest Hills,9,5,1986-06-11,https://www.youtube.com/embed/pYWiLm_-sXw,https://www.twoinchbrush.com/images/painting181.png,7,
110,Little House by the Road,9,6,1986-06-18,https://www.youtube.com/embed/WGUcw_kFvzU,https://www.twoinchbrush.com/images/painting182.png,11,
111,Mountain Pass,9,7,1986-06-25,https://www.youtube.com/embed/E3XW_Zp238U,https://www.twoinchbrush.com/images/painting183.png,11,
112,Country Charm,9,8,1986-07-02,https://www.youtube.com/embed/3CDg_9gL-5M,https://www.twoinchbrush.com/images/painting184.png,11,
113,Nature's Paradise,9,9,1986-07-09,https://www.youtube.com/embed/e0VUprkc1n0,https://www.twoinchbrush.com/images/painting185.png,11,
114,Mountain by the Sea,9,10,1986-07-16,https://www.youtube.com/embed/9wp8NRzCJnw,https://www.twoinchbrush.com/images/painting186.png,11,
115,Mountain Hideaway,9,11,1986-07-23,https://www.youtube.com/embed/7yU55PUls2c,https://www.twoinchbrush.com/images/painting187.png,11,
116,Towering Peaks,9,12,1986-09-03,https://www.youtube.com/embed/so--opB-yuQ,https://www.twoinchbrush.com/images/painting188.png,13,
117,Cabin at Sunset,9,13,1986-09-10,https://www.youtube.com/embed/q48EWPrbzVs,https://www.twoinchbrush.com/images/painting189.png,12,
118,Twin Falls,10,1,1986-09-17,https://www.youtube.com/embed/1s58rW0_LN4,https://www.twoinchbrush.com/images/painting163.png,13,
119,Secluded Bridge,10,2,1986-09-24,https://www.youtube.com/embed/a6Wil3OXNuI,https://www.twoinchbrush.com/images/painting164.png,12,
120,Ocean Breeze,10,3,1986-10-01,https://www.youtube.com/embed/cMwkY8ojRik,https://www.twoinchbrush.com/images/painting165.png,12,
121,Autumn Woods,10,4,1986-10-08,https://www.youtube.com/embed/vrAMRxBB5KI,https://www.twoinchbrush.com/images/painting166.png,12,
122,Winter Solitude,10,5,1986-10-15,https://www.youtube.com/embed/XZmdzfvXRuw,https://www.twoinchbrush.com/images/painting167.png,12,
123,Golden Sunset,10,6,1986-10-22,https://www.youtube.com/embed/vKyMU5Z8cDI,https://www.twoinchbrush.com/images/painting168.png,12,
124,Mountain Oval,10,7,1986-10-29,https://www.youtube.com/embed/ov4YaCQB9co,https://www.twoinchbrush.com/images/painting170.png,7,
125,Ocean Sunset,10,8,1986-11-05,https://www.youtube.com/embed/CiNDyckERXQ,https://www.twoinchbrush.com/images/painting171.png,12,
126,Triple View,10,9,1986-11-12,https://www.youtube.com/embed/Qj6lMtnCt8o,https://www.twoinchbrush.com/images/painting172.png,11,
127,Winter Frost,10,10,1986-11-19,https://www.youtube.com/embed/OJ_xqtvZf3o,https://www.twoinchbrush.com/images/painting173.png,12,
128,Lakeside Cabin,10,11,1986-11-26,https://www.youtube.com/embed/zoTeyliLn5o,https://www.twoinchbrush.com/images/painting174.png,12,
129,Mountain Stream,10,12,1986-12-31,https://www.youtube.com/embed/8satX-hLkuI,https://www.twoinchbrush.com/images/painting175.png,9,
130,Country Cabin,10,13,1987-01-07,https://www.youtube.com/embed/1l_TsfCIb_I,https://www.twoinchbrush.com/images/painting176.png,12,
131,Daisy Delight,11,1,1987-01-14,https://www.youtube.com/embed/xdFCj6BzQio,https://www.twoinchbrush.com/images/painting150.png,12,
132,Hidden Stream,11,2,1987-01-21,https://www.youtube.com/embed/Dkww2nHpuZw,https://www.twoinchbrush.com/images/painting151.png,7,
133,Towering Glacier,11,3,1987-01-28,https://www.youtube.com/embed/HuHC1RqtvDA,https://www.twoinchbrush.com/images/painting152.png,10,
134,Oval Barn,11,4,1987-02-04,https://www.youtube.com/embed/JGzTg8fCj4w,https://www.twoinchbrush.com/images/painting153.png,12,
135,Lakeside Path,11,5,1987-02-11,https://www.youtube.com/embed/67vdGbA3Xkg,https://www.twoinchbrush.com/images/painting154.png,12,
136,Sunset Oval,11,6,1987-02-18,https://www.youtube.com/embed/HqBhCibidNM,https://www.twoinchbrush.com/images/painting155.png,6,
137,Winter Barn,11,7,1987-02-25,https://www.youtube.com/embed/1yjGoJokbZg,https://www.twoinchbrush.com/images/painting156.png,12,
138,Sunset Over the Waves,11,8,1987-03-04,https://www.youtube.com/embed/9xG6IzcGotI,https://www.twoinchbrush.com/images/painting157.png,11,
139,Golden Glow,11,9,1987-03-11,https://www.youtube.com/embed/_xkn0ceDreo,https://www.twoinchbrush.com/images/painting158.png,6,
140,Roadside Barn,11,10,1987-03-18,https://www.youtube.com/embed/c4b_B2F1eZg,https://www.twoinchbrush.com/images/painting159.png,10,
141,Happy Accident,11,11,1987-03-25,https://www.youtube.com/embed/aA8RhtaWACA,https://www.twoinchbrush.com/images/painting160.png,8,
142,Golden Knoll,11,12,1987-04-29,https://www.youtube.com/embed/vJpKhiXvXdA,https://www.twoinchbrush.com/images/painting161.png,11,
143,Mountain Reflections,11,13,1987-05-06,https://www.youtube.com/embed/Fw6odlNp7_8,https://www.twoinchbrush.com/images/painting162.png,11,
144,Secluded Mountain,12,1,1987-05-13,https://www.youtube.com/embed/-O0Bs65eN5w,https://www.twoinchbrush.com/images/painting137.png,7,
145,Bright Autumn Trees,12,2,1987-05-20,https://www.youtube.com/embed/rzYpa4XGSnA,https://www.twoinchbrush.com/images/painting138.png,12,
146,Black Seascape,12,3,1987-05-27,https://www.youtube.com/embed/3PZabdohLso,https://www.twoinchbrush.com/images/painting139.png,13,
147,Steep Mountains,12,4,1987-06-03,https://www.youtube.com/embed/aR-C3h5zURM,https://www.twoinchbrush.com/images/painting140.png,13,
148,Quiet Mountain River,12,5,1987-06-10,https://www.youtube.com/embed/P_aCan4cBwc,https://www.twoinchbrush.com/images/painting141.png,9,
149,Evening Waterfall,12,6,1987-06-17,https://www.youtube.com/embed/fRK8_ioYWw4,https://www.twoinchbrush.com/images/painting142.png,12,
150,Tropical Seascape,12,7,1987-06-24,https://www.youtube.com/embed/Leiw-FtADZc,https://www.twoinchbrush.com/images/painting143.png,12,
151,Mountain at Sunset,12,8,1987-07-01,https://www.youtube.com/embed/PutvF_P4588,https://www.twoinchbrush.com/images/painting144.png,11,
152,Soft Mountain Glow,12,9,1987-07-08,https://www.youtube.com/embed/RrBsbqO9aqI,https://www.twoinchbrush.com/images/painting145.png,12,
153,Mountain in an Oval,12,10,1987-07-15,https://www.youtube.com/embed/HCsCatvigtw,https://www.twoinchbrush.com/images/painting146.png,13,
154,Winter Mountain,12,11,1987-07-22,https://www.youtube.com/embed/gOGJYHWjXgE,https://www.twoinchbrush.com/images/painting147.png,12,
155,Rolling Hills,12,12,1987-09-02,https://www.youtube.com/embed/1jRPshs27H8,https://www.twoinchbrush.com/images/painting148.png,11,
156,Frozen Solitude,12,13,1987-09-09,https://www.youtube.com/embed/46vI20697HI,https://www.twoinchbrush.com/images/painting149.png,7,
157,Meadow Brook,13,1,1987-09-16,https://www.youtube.com/embed/H4GyGrT7lEQ,https://www.twoinchbrush.com/images/painting124.png,12,
158,Evening Sunset,13,2,1987-09-23,https://www.youtube.com/embed/kNZssD9zWlw,https://www.twoinchbrush.com/images/painting125.png,5,
159,Mountain View,13,3,1987-09-30,https://www.youtube.com/embed/06W8GsWj2Yg,https://www.twoinchbrush.com/images/painting126.png,13,
160,Hidden Creek,13,4,1987-10-07,https://www.youtube.com/embed/7ZUQTXuDPaI,https://www.twoinchbrush.com/images/painting127.png,12,
161,Peaceful Haven,13,5,1987-10-14,https://www.youtube.com/embed/dJfnAyDLwPY,https://www.twoinchbrush.com/images/painting128.png,11,
162,Mountain Exhibition,13,6,1987-10-21,https://www.youtube.com/embed/KmoRz01bm0Y,https://www.twoinchbrush.com/images/painting129.png,10,
163,Emerald Waters,13,7,1987-10-28,https://www.youtube.com/embed/j20pZ96E_CE,https://www.twoinchbrush.com/images/painting130.png,13,
164,Mountain Summit,13,8,1987-11-04,https://www.youtube.com/embed/bgI3_1quJ18,https://www.twoinchbrush.com/images/painting131.png,10,
165,Cabin Hideaway,13,9,1987-11-11,https://www.youtube.com/embed/lLunPQBzW6g,https://www.twoinchbrush.com/images/painting132.png,9,
166,Oval Essence,13,10,1987-11-18,https://www.youtube.com/embed/kasGRkfkiPM,https://www.twoinchbrush.com/images/painting133.png,12,
167,Lost Lake,13,11,1987-11-25,https://www.youtube.com/embed/NjTlW2NL1Lo,https://www.twoinchbrush.com/images/painting134.png,10,
168,Distant Mountains,13,12,1987-12-30,https://www.youtube.com/embed/q7WXF_BSEXw,https://www.twoinchbrush.com/images/painting135.png,8,
169,Meadow Brook Surprise,13,13,1988-01-06,https://www.youtube.com/embed/9-ATP8xyDM0,https://www.twoinchbrush.com/images/painting136.png,12,
170,Mountain Moonlight Oval,14,1,1988-01-13,https://www.youtube.com/embed/GpA9UM7QGag,https://www.twoinchbrush.com/images/painting111.png,13,
171,Snowy Solitude,14,2,1988-01-20,https://www.youtube.com/embed/Ov5oIHTAa10,https://www.twoinchbrush.com/images/painting112.png,12,
172,Mountain River,14,3,1988-01-27,https://www.youtube.com/embed/CigXQtT6BPM,https://www.twoinchbrush.com/images/painting113.png,12,
173,Graceful Mountains,14,4,1988-02-03,https://www.youtube.com/embed/1ZriQGhSFTM,https://www.twoinchbrush.com/images/painting114.png,7,
174,Windy Waves,14,5,1988-02-10,https://www.youtube.com/embed/CnMLKAGi0yM,https://www.twoinchbrush.com/images/painting115.png,13,
175,On a Clear Day,14,6,1988-02-17,https://www.youtube.com/embed/0uVe8T-vVVg,https://www.twoinchbrush.com/images/painting116.png,12,
176,Riverside Escape Oval,14,7,1988-02-24,https://www.youtube.com/embed/y6GVVjG4HMg,https://www.twoinchbrush.com/images/painting117.png,14,
177,Surprising Falls,14,8,1988-03-02,https://www.youtube.com/embed/e63Cgln6Yag,https://www.twoinchbrush.com/images/painting118.png,11,
178,Shadow Pond,14,9,1988-03-09,https://www.youtube.com/embed/d83REwSGfGo,https://www.twoinchbrush.com/images/painting119.png,13,
179,Misty Forest,14,10,1988-03-16,https://www.youtube.com/embed/QbclL1ca7_s,https://www.twoinchbrush.com/images/painting120.png,13,
180,Natural Wonder,14,11,1988-03-23,https://www.youtube.com/embed/BQWJ3kqonpA,https://www.twoinchbrush.com/images/painting121.png,13,
181,Splendor of Winter,14,12,1988-04-27,https://www.youtube.com/embed/ddU9vQvSpw8,https://www.twoinchbrush.com/images/painting122.png,12,
182,Colors of Nature,14,13,1988-05-04,https://www.youtube.com/embed/knOutsaiKfU,https://www.twoinchbrush.com/images/painting123.png,11,
183,Grandpa's Barn,15,1,1988-05-11,https://www.youtube.com/embed/oJvk7gPDHiE,https://www.twoinchbrush.com/images/painting98.png,10,
184,Peaceful Reflections,15,2,1988-05-18,https://www.youtube.com/embed/Me9Ietooq4w,https://www.twoinchbrush.com/images/painting99.png,12,
185,Hidden Winter Moon Oval,15,3,1988-05-25,https://www.youtube.com/embed/IPPU49PyfEA,https://www.twoinchbrush.com/images/painting100.png,11,
186,Waves of Wonder,15,4,1988-06-01,https://www.youtube.com/embed/gYuH4Ilqdhs,https://www.twoinchbrush.com/images/painting101.png,13,
187,Cabin by the Pond,15,5,1988-06-08,https://www.youtube.com/embed/yxAMOdl6RJE,https://www.twoinchbrush.com/images/painting102.png,8,
188,Fall Stream,15,6,1988-06-15,https://www.youtube.com/embed/tayQX_ng-Nc,https://www.twoinchbrush.com/images/painting103.png,12,
189,Christmas Eve Snow,15,7,1988-06-22,https://www.youtube.com/embed/TyOO6WeP2AY,https://www.twoinchbrush.com/images/painting104.png,12,
190,Forest Dawn Oval,15,8,1988-06-29,https://www.youtube.com/embed/ZY0ofhdV_L0,https://www.twoinchbrush.com/images/painting105.png,12,
191,Pathway to Autumn,15,9,1988-07-06,https://www.youtube.com/embed/cVqFG2pxK2A,https://www.twoinchbrush.com/images/painting106.png,9,
192,Deep Forest Lake,15,10,1988-07-13,https://www.youtube.com/embed/COsJUfPN2dA,https://www.twoinchbrush.com/images/painting107.png,12,
193,Peaks of Majesty,15,11,1988-07-20,https://www.youtube.com/embed/Hg5RKc6xiL4,https://www.twoinchbrush.com/images/painting108.png,12,
194,Two Seasons,15,12,1988-08-17,https://www.youtube.com/embed/2bjFmSQjQrw,https://www.twoinchbrush.com/images/painting109.png,13,
195,Nestled Cabin,15,13,1988-08-24,https://www.youtube.com/embed/lTb8DN6G6dE,https://www.twoinchbrush.com/images/painting110.png,11,
196,Wintertime Discovery,16,1,1988-08-31,https://www.youtube.com/embed/jwVz0uTLH1I,https://www.twoinchbrush.com/images/painting84.png,13,
197,Mountain Mirage,16,2,1988-09-07,https://www.youtube.com/embed/l_jN9KN257M,https://www.twoinchbrush.com/images/painting85.png,12,
198,Double Oval Fantasy,16,3,1988-09-14,https://www.youtube.com/embed/uZyZW3tkCE0,https://www.twoinchbrush.com/images/painting86.png,11,
199,Contemplative Lady,16,4,1988-09-21,https://www.youtube.com/embed/jfCsew_mz7A,https://www.twoinchbrush.com/images/painting87.png,12,
200,Deep Woods,16,5,1988-09-28,https://www.youtube.com/embed/4jAsLpJzjHM,https://www.twoinchbrush.com/images/painting88.png,13,
201,High Tide,16,6,1988-10-05,https://www.youtube.com/embed/gnp6WE7Ql-s,https://www.twoinchbrush.com/images/painting89.png,1,"{""guest"": ""Steve Ross"", ""relationship"": ""son""}"
202,Barn in Snow Oval,16,7,1988-10-12,https://www.youtube.com/embed/rE5ZVs_YJfE,https://www.twoinchbrush.com/images/painting90.png,10,
203,That Time of Year,16,8,1988-10-19,https://www.youtube.com/embed/_IREQ4SIcX8,https://www.twoinchbrush.com/images/painting91.png,12,
204,Mighty Mountain Lake,16,9,1988-11-02,https://www.youtube.com/embed/wJmi7-G9r-w,https://www.twoinchbrush.com/images/painting93.png,7,
205,Wooded Stream Oval,16,10,1988-11-09,https://www.youtube.com/embed/q5moLoqOkP0,https://www.twoinchbrush.com/images/painting94.png,9,"{""guest"": ""Steve Ross"", ""relationship"": ""son""}"
206,Golden Mist Oval,16,11,1989-01-04,https://www.youtube.com/embed/AGhXEPfp-W4,https://www.twoinchbrush.com/images/painting95.png,11,"{""special"": ""Two-part episode""}"
207,Old Place Home,16,12,1989-01-11,https://www.youtube.com/embed/4vXB2R8ybDE,https://www.twoinchbrush.com/images/painting96.png,11,
208,Soothing Vista,16,13,1989-01-18,https://www.youtube.com/embed/-XA2h17y3HU,https://www.twoinchbrush.com/images/painting97.png,12,
209,Stormy Seas,17,1,1989-01-25,https://www.youtube.com/embed/lhpfaW0k6uM,https://www.twoinchbrush.com/images/painting71.png,9,
210,Country Time,17,2,1989-02-01,https://www.youtube.com/embed/EVQcDEiJh2o,https://www.twoinchbrush.com/images/painting72.png,11,
211,A Mild Winter's Day,17,3,1989-02-08,https://www.youtube.com/embed/NqfRLiv0SZ0,https://www.twoinchbrush.com/images/painting73.png,13,
212,Spectacular Waterfall,17,4,1989-02-15,https://www.youtube.com/embed/LE6agCR5iBw,https://www.twoinchbrush.com/images/painting74.png,9,
213,View From the Park,17,5,1989-02-22,https://www.youtube.com/embed/e_bt9rQoGN0,https://www.twoinchbrush.com/images/painting75.png,13,
214,Lake View,17,6,1989-03-01,https://www.youtube.com/embed/BbYO579MmhA,https://www.twoinchbrush.com/images/painting76.png,10,
215,Old Country Mill,17,7,1989-03-08,https://www.youtube.com/embed/nK-HebXL2uw,https://www.twoinchbrush.com/images/painting77.png,15,
216,Morning Walk,17,8,1989-03-15,https://www.youtube.com/embed/Q4n90jsOUtY,https://www.twoinchbrush.com/images/painting78.png,13,
217,Nature's Splendor,17,9,1989-03-22,https://www.youtube.com/embed/07acfzBaoa0,https://www.twoinchbrush.com/images/painting79.png,12,
218,Mountain Beauty,17,10,1989-03-29,https://www.youtube.com/embed/n8HlFCQACYA,https://www.twoinchbrush.com/images/painting80.png,11,
219,Half Oval Vignette,17,11,1989-07-05,https://www.youtube.com/embed/pSvgNkQdR2Y,https://www.twoinchbrush.com/images/painting81.png,12,
220,Absolutely Autumn,17,12,1989-07-12,https://www.youtube.com/embed/uCAtI2IwEwk,https://www.twoinchbrush.com/images/painting82.png,13,
221,Mountain Seclusion,17,13,1989-07-19,https://www.youtube.com/embed/8P-YeoTmVrw,https://www.twoinchbrush.com/images/painting83.png,11,
222,Crimson Oval,18,1,1989-07-26,https://www.youtube.com/embed/uY3fIry2tOE,https://www.twoinchbrush.com/images/painting58.png,12,
223,Autumn Exhibition,18,2,1989-08-02,https://www.youtube.com/embed/PGPVpil2UmE,https://www.twoinchbrush.com/images/painting59.png,11,
224,Majestic Peaks,18,3,1989-08-09,https://www.youtube.com/embed/EBZKuVbRY54,https://www.twoinchbrush.com/images/painting60.png,10,
225,Golden Morning Mist,18,4,1989-08-16,https://www.youtube.com/embed/R7Y3izMFPbM,https://www.twoinchbrush.com/images/painting61.png,12,
226,Winter Lace,18,5,1989-08-23,https://www.youtube.com/embed/6afHY2d9Lv8,https://www.twoinchbrush.com/images/painting62.png,11,
227,Seascape Fantasy,18,6,1989-08-30,https://www.youtube.com/embed/lilbzLCNnDo,https://www.twoinchbrush.com/images/painting63.png,13,
228,Double Oval Stream,18,7,1989-09-06,https://www.youtube.com/embed/rCHXqj4DHlM,https://www.twoinchbrush.com/images/painting64.png,12,
229,Enchanted Forest,18,8,1989-09-13,https://www.youtube.com/embed/WJF_qoQRPck,https://www.twoinchbrush.com/images/painting65.png,8,
230,Southwest Serenity,18,9,1989-09-20,https://www.youtube.com/embed/sBBBilrDuSw,https://www.twoinchbrush.com/images/painting66.png,11,
231,Rippling Waters,18,10,1989-09-27,https://www.youtube.com/embed/rRjnHdr9DmU,https://www.twoinchbrush.com/images/painting67.png,13,
232,Snowfall Magic,18,11,1990-01-03,https://www.youtube.com/embed/ikR7UT9mVBw,https://www.twoinchbrush.com/images/painting68.png,12,
233,Quiet Mountain Lake,18,12,1990-01-10,https://www.youtube.com/embed/EVfPPJ5FUmA,https://www.twoinchbrush.com/images/painting69.png,10,
234,Final Embers of Sunlight,18,13,1990-01-17,https://www.youtube.com/embed/XvnJBynSiT0,https://www.twoinchbrush.com/images/painting70.png,12,
235,Snowy Morn,19,1,1990-01-24,https://www.youtube.com/embed/1enWTsRi16o,https://www.twoinchbrush.com/images/painting44.png,10,
236,Camper's Haven,19,2,1990-01-31,https://www.youtube.com/embed/2gq2V6dCt2I,https://www.twoinchbrush.com/images/painting45.png,14,
237,Waterfall in the Woods,19,3,1990-02-07,https://www.youtube.com/embed/IeFbdk36MUU,https://www.twoinchbrush.com/images/painting46.png,12,
238,Covered Bridge Oval,19,4,1990-02-14,https://www.youtube.com/embed/iB1TDWlo0kk,https://www.twoinchbrush.com/images/painting47.png,7,
239,Scenic Seclusion,19,5,1990-02-21,https://www.youtube.com/embed/C34WAUgkAT0,https://www.twoinchbrush.com/images/painting48.png,11,
240,Ebb Tide,19,6,1990-02-28,https://www.youtube.com/embed/uBRKVa7sy1Q,https://www.twoinchbrush.com/images/painting49.png,14,
241,After the Rain,19,7,1990-03-07,https://www.youtube.com/embed/F4iPbH1OHsQ,https://www.twoinchbrush.com/images/painting50.png,10,
242,Winter Elegance,19,8,1990-03-14,https://www.youtube.com/embed/d50HkqB9JEM,https://www.twoinchbrush.com/images/painting51.png,13,
243,Evening's Peace,19,9,1990-03-21,https://www.youtube.com/embed/mFOna_LN7Ys,https://www.twoinchbrush.com/images/painting52.png,10,
244,Valley of Tranquility,19,10,1990-03-28,https://www.youtube.com/embed/Wj-3ct7RvAI,https://www.twoinchbrush.com/images/painting53.png,12,
245,Mystic Mountain,19,11,1990-04-04,https://www.youtube.com/embed/JjBZzKp_u5E,https://www.twoinchbrush.com/images/painting54.png,9,
246,New Day's Dawn,19,12,1990-04-11,https://www.youtube.com/embed/uEUMVwc4o5U,https://www.twoinchbrush.com/images/painting56.png,10,
247,Pastel Winter,19,13,1990-04-18,https://www.youtube.com/embed/FnY7jDY5PsE,https://www.twoinchbrush.com/images/painting57.png,13,
248,Hazy Day,20,1,1990-04-25,https://www.youtube.com/embed/VlucWfTUo1A,https://www.twoinchbrush.com/images/painting31.png,12,
249,Divine Elegance,20,2,1990-05-02,https://www.youtube.com/embed/vbPdQ0w8ylg,https://www.twoinchbrush.com/images/painting32.png,12,
250,Cliffside,20,3,1990-05-09,https://www.youtube.com/embed/kbnXZRNMouM,https://www.twoinchbrush.com/images/painting33.png,9,
251,Autumn Fantasy,20,4,1990-05-16,https://www.youtube.com/embed/5U3G61r35Mc,https://www.twoinchbrush.com/images/painting34.png,11,
252,Old Oak Tree,20,5,1990-05-23,https://www.youtube.com/embed/mb-Gwx1S5Gs,https://www.twoinchbrush.com/images/painting35.png,12,
253,Winter Paradise,20,6,1990-05-30,https://www.youtube.com/embed/p6Uy2qOLvGk,https://www.twoinchbrush.com/images/painting36.png,12,
254,Days Gone By,20,7,1990-06-06,https://www.youtube.com/embed/FozIp7Va7dY,https://www.twoinchbrush.com/images/painting37.png,11,
255,Change of Seasons,20,8,1990-06-13,https://www.youtube.com/embed/dN4HjAn8p5U,https://www.twoinchbrush.com/images/painting38.png,13,
256,Hidden Delight,20,9,1990-06-20,https://www.youtube.com/embed/DY1aBv8Z1SQ,https://www.twoinchbrush.com/images/painting39.png,6,
257,Double Take,20,10,1990-06-27,https://www.youtube.com/embed/DmYhNHVIdMI,https://www.twoinchbrush.com/images/painting40.png,12,
258,Valley View,20,11,1990-09-05,https://www.youtube.com/embed/QbgPu5f2Vf8,https://www.twoinchbrush.com/images/painting41.png,12,
259,Tranquil Dawn,20,12,1990-09-12,https://www.youtube.com/embed/ZyPNzDaaDt8,https://www.twoinchbrush.com/images/painting42.png,11,
260,Royal Majesty,20,13,1990-09-19,https://www.youtube.com/embed/ppzFgG2K2k4,https://www.twoinchbrush.com/images/painting43.png,13,
261,Serenity,21,1,1990-09-26,https://www.youtube.com/embed/pw5ETGiiBRg,https://www.twoinchbrush.com/images/painting17.png,13,
262,Cabin at Trial's End,21,2,1990-10-03,https://www.youtube.com/embed/4abDq6Q-mlM,https://www.twoinchbrush.com/images/painting18.png,10,
263,Mountain Rhapsody,21,3,1990-10-10,https://www.youtube.com/embed/ubUXBqE6t0U,https://www.twoinchbrush.com/images/painting19.png,14,
264,Wilderness Cabin,21,4,1990-10-17,https://www.youtube.com/embed/crqmO3qDdco,https://www.twoinchbrush.com/images/painting20.png,12,
265,By the Sea,21,5,1990-10-24,https://www.youtube.com/embed/GLkLO4KqTRs,https://www.twoinchbrush.com/images/painting21.png,13,
266,Indian Summer,21,6,1990-10-31,https://www.youtube.com/embed/H4VsmKU5T7g,https://www.twoinchbrush.com/images/painting22.png,8,
267,Blue Winter,21,7,1990-11-07,https://www.youtube.com/embed/GWehiacnd1E,https://www.twoinchbrush.com/images/painting23.png,14,
268,Desert Glow,21,8,1990-11-14,https://www.youtube.com/embed/8tHHBTK6wwc,https://www.twoinchbrush.com/images/painting24.png,13,
269,Lone Mountain,21,9,1990-11-21,https://www.youtube.com/embed/pfWV8NkotvU,https://www.twoinchbrush.com/images/painting25.png,13,
270,Florida's Glory,21,10,1990-11-28,https://www.youtube.com/embed/liR0gS0sZY0,https://www.twoinchbrush.com/images/painting27.png,3,
271,Autumn Images,21,11,1991-01-01,https://www.youtube.com/embed/QyncJfL_HmU,https://www.twoinchbrush.com/images/painting28.png,9,
272,Hint of Springtime,21,12,1991-01-08,https://www.youtube.com/embed/NJbzIftLLmU,https://www.twoinchbrush.com/images/painting29.png,13,
273,Around the Bend,21,13,1991-01-15,https://www.youtube.com/embed/HQC5sPN9Xhc,https://www.twoinchbrush.com/images/painting30.png,11,
274,Countryside Oval,22,1,1991-01-22,https://www.youtube.com/embed/HMx34Am6RFg,https://www.twoinchbrush.com/images/painting14.png,11,
275,Russet Winter,22,2,1991-01-29,https://www.youtube.com/embed/C-OSaHvt8ms,https://www.twoinchbrush.com/images/painting15.png,13,
276,Purple Haze,22,3,1991-02-05,https://www.youtube.com/embed/Kl5X3icOVvw,https://www.twoinchbrush.com/images/painting16.png,14,
277,Dimensions,22,4,1991-02-12,https://www.youtube.com/embed/hdNH5axK4u0,https://www.twoinchbrush.com/images/painting4.png,12,
278,Deep Wilderness Home,22,5,1991-02-19,https://www.youtube.com/embed/aE4nID1p-t0,https://www.twoinchbrush.com/images/painting5.png,9,
279,Haven in the Valley,22,6,1991-02-26,https://www.youtube.com/embed/ZoJ2tcXWb7g,https://www.twoinchbrush.com/images/painting6.png,11,
280,Wintertime Blues,22,7,1991-03-05,https://www.youtube.com/embed/JUuP75RVZDI,https://www.twoinchbrush.com/images/painting7.png,12,
281,Pastel Seascape,22,8,1991-03-12,https://www.youtube.com/embed/uZWNvDFfbUk,https://www.twoinchbrush.com/images/painting8.png,12,
282,Country Creek,22,9,1991-03-19,https://www.youtube.com/embed/Qccgam514ds,https://www.twoinchbrush.com/images/painting9.png,13,
283,Silent Forest,22,10,1991-03-26,https://www.youtube.com/embed/dbMJVM4iL2Q,https://www.twoinchbrush.com/images/painting10.png,7,
284,Frosty Winter Morn,22,11,1991-09-03,https://www.youtube.com/embed/K4aud_SpFDQ,https://www.twoinchbrush.com/images/painting11.png,11,
285,Forest Edge,22,12,1991-09-10,https://www.youtube.com/embed/JDa6JPcqy88,https://www.twoinchbrush.com/images/painting12.png,13,
286,Mountain Ridge Lake,22,13,1991-09-17,https://www.youtube.com/embed/AE1GKcL3NuI,https://www.twoinchbrush.com/images/painting13.png,13,
287,Reflections of Gold,23,1,1991-09-24,https://www.youtube.com/embed/1-9_enMBquw,https://www.twoinchbrush.com/images/painting295.png,8,
288,Quiet Cove,23,2,1991-10-01,https://www.youtube.com/embed/puGk2iFvvp0,https://www.twoinchbrush.com/images/painting296.png,12,
289,River's Peace,23,3,1991-10-08,https://www.youtube.com/embed/Hq-z06i6HCs,https://www.twoinchbrush.com/images/painting297.png,12,
290,At Dawn's Light,23,4,1991-10-15,https://www.youtube.com/embed/8f9CCnqJ_1Y,https://www.twoinchbrush.com/images/painting298.png,10,
291,Valley Waterfall,23,5,1991-10-22,https://www.youtube.com/embed/cR9hTbSomx4,https://www.twoinchbrush.com/images/painting299.png,11,
292,Toward Day's End,23,6,1991-10-29,https://www.youtube.com/embed/flCWS9LB4Ks,https://www.twoinchbrush.com/images/painting300.png,13,
293,Falls in the Glen,23,7,1991-11-05,https://www.youtube.com/embed/HFdTxqEznIk,https://www.twoinchbrush.com/images/painting301.png,9,
294,Frozen Beauty in Vignette,23,8,1991-11-12,https://www.youtube.com/embed/VYcsYzzRae4,https://www.twoinchbrush.com/images/painting302.png,15,
295,Crimson Tide,23,9,1991-11-19,https://www.youtube.com/embed/cFi_fJl40BA,https://www.twoinchbrush.com/images/painting303.png,13,
296,Winter Bliss,23,10,1991-11-26,https://www.youtube.com/embed/txAtX-VyVNc,https://www.twoinchbrush.com/images/painting304.png,14,
297,Grey Mountain,23,11,1992-01-07,https://www.youtube.com/embed/H15kV1wbDG4,https://www.twoinchbrush.com/images/painting305.png,9,
298,Wayside Pond,23,12,1992-01-14,https://www.youtube.com/embed/Y7SDU4i6Fco,https://www.twoinchbrush.com/images/painting306.png,8,
299,Teton Winter,23,13,1992-01-21,https://www.youtube.com/embed/yInYwy6AsDQ,https://www.twoinchbrush.com/images/painting307.png,7,
300,Little Home in the Meadow,24,1,1992-01-28,https://www.youtube.com/embed/4XxClvPZ1RE,https://www.twoinchbrush.com/images/painting308.png,13,
301,Pretty Autumn Day,24,2,1992-02-04,https://www.youtube.com/embed/FPW2FwK4IOo,https://www.twoinchbrush.com/images/painting309.png,11,
302,Mirrored Images,24,3,1992-02-11,https://www.youtube.com/embed/I4h6TC4CPJY,https://www.twoinchbrush.com/images/painting310.png,6,
303,Back-Country Path,24,4,1992-02-18,https://www.youtube.com/embed/nU1zV93N-kI,https://www.twoinchbrush.com/images/painting311.png,12,
304,Graceful Waterfall,24,5,1992-02-25,https://www.youtube.com/embed/HWedDS3p7XI,https://www.twoinchbrush.com/images/painting312.png,13,
305,Icy Lake,24,6,1992-03-03,https://www.youtube.com/embed/i29frkR1T98,https://www.twoinchbrush.com/images/painting313.png,12,
306,Rowboat on the Beach,24,7,1992-03-10,https://www.youtube.com/embed/2iNMoQB1Pe8,https://www.twoinchbrush.com/images/painting314.png,11,
307,Portrait of Winter,24,8,1992-03-17,https://www.youtube.com/embed/fBh1nA4pMDY,https://www.twoinchbrush.com/images/painting315.png,15,
308,Footbridge,24,9,1992-03-24,https://www.youtube.com/embed/AmBDmgta3l4,https://www.twoinchbrush.com/images/painting316.png,11,
309,Snowbound Cabin,24,10,1992-03-31,https://www.youtube.com/embed/hfvhXOvg43w,https://www.twoinchbrush.com/images/painting317.png,8,
310,Hide-a-Way Cove,24,11,1992-08-25,https://www.youtube.com/embed/JLnIUGOupOA,https://www.twoinchbrush.com/images/painting318.png,5,
311,Enchanted Falls Oval,24,12,1992-09-01,https://www.youtube.com/embed/RqtDliGeyTg,https://www.twoinchbrush.com/images/painting319.png,13,
312,Not Quite Spring,24,13,1992-09-08,https://www.youtube.com/embed/obSLZWXmDak,https://www.twoinchbrush.com/images/painting320.png,8,
313,Splashes of Autumn,25,1,1992-09-15,https://www.youtube.com/embed/l_HqMYquc08,https://www.twoinchbrush.com/images/painting321.png,13,
314,Summer in the Mountains,25,2,1992-09-22,https://www.youtube.com/embed/HklPkQ0lSKA,https://www.twoinchbrush.com/images/painting322.png,6,
315,Oriental Falls,25,3,1992-09-29,https://www.youtube.com/embed/N_u6x7LeyTM,https://www.twoinchbrush.com/images/painting323.png,9,
316,Autumn Palette,25,4,1992-10-06,https://www.youtube.com/embed/YcbaMqq_X8s,https://www.twoinchbrush.com/images/painting324.png,14,
317,Cypress Swamp,25,5,1992-10-13,https://www.youtube.com/embed/gmCXgS38NDc,https://www.twoinchbrush.com/images/painting325.png,11,
318,Downstream View,25,6,1992-10-20,https://www.youtube.com/embed/v8Znj8bbmCQ,https://www.twoinchbrush.com/images/painting326.png,11,
319,Just Before the Storm,25,7,1992-10-27,https://www.youtube.com/embed/HWrvW-NgaOY,https://www.twoinchbrush.com/images/painting327.png,13,
320,Fisherman's Paradise,25,8,1992-11-03,https://www.youtube.com/embed/FdIUHudQABI,https://www.twoinchbrush.com/images/painting328.png,12,
321,Desert Hues,25,9,1992-11-10,https://www.youtube.com/embed/KsDPg5HZYNw,https://www.twoinchbrush.com/images/painting329.png,14,
322,The Property Line,25,10,1992-11-17,https://www.youtube.com/embed/Rh-jKrMrmOA,https://www.twoinchbrush.com/images/painting330.png,8,
323,In the Stillness of Morning,25,11,1992-12-01,https://www.youtube.com/embed/uJLK85uU5mA,https://www.twoinchbrush.com/images/painting331.png,12,
324,Delightful Meadow Home,25,12,1992-12-08,https://www.youtube.com/embed/UUNNXGVNTuI,https://www.twoinchbrush.com/images/painting332.png,11,
325,First Snow,25,13,1992-12-15,https://www.youtube.com/embed/ivesI3rU7dU,https://www.twoinchbrush.com/images/painting333.png,11,
326,Lake in the Valley,26,1,1992-12-22,https://www.youtube.com/embed/5rfGa1_iJpw,https://www.twoinchbrush.com/images/painting334.png,10,
327,A Trace of Spring,26,2,1992-12-29,https://www.youtube.com/embed/tWoInh2USOs,https://www.twoinchbrush.com/images/painting335.png,9,
328,An Arctic Winter Day,26,3,1993-01-05,https://www.youtube.com/embed/raAkJKeo0Sk,https://www.twoinchbrush.com/images/painting336.png,12,
329,Snow Birch,26,4,1993-01-12,https://www.youtube.com/embed/KvJmSrErm20,https://www.twoinchbrush.com/images/painting337.png,15,
330,Early Autumn,26,5,1993-01-19,https://www.youtube.com/embed/JMPwj3u4ZTA,https://www.twoinchbrush.com/images/painting338.png,13,
331,Tranquil Wooded Stream,26,6,1993-01-26,https://www.youtube.com/embed/9BHWlbjd95c,https://www.twoinchbrush.com/images/painting339.png,6,
332,Purple Mountain Range,26,7,1993-02-02,https://www.youtube.com/embed/wKeemvioVrM,https://www.twoinchbrush.com/images/painting340.png,5,
333,Storm's a Comin',26,8,1993-02-09,https://www.youtube.com/embed/SLQXlFLoqQc,https://www.twoinchbrush.com/images/painting341.png,12,
334,Sunset Aglow,26,9,1993-02-16,https://www.youtube.com/embed/lSeRrm5ZK9c,https://www.twoinchbrush.com/images/painting342.png,12,
335,Evening at the Falls,26,10,1993-02-23,https://www.youtube.com/embed/nkDA_R-XmqA,https://www.twoinchbrush.com/images/painting343.png,13,
336,Twilight Beauty,26,11,1993-03-02,https://www.youtube.com/embed/EHD9u-lo2wc,https://www.twoinchbrush.com/images/painting344.png,10,
337,Angler's Haven,26,12,1993-03-09,https://www.youtube.com/embed/gMEZp47VKC0,https://www.twoinchbrush.com/images/painting345.png,12,
338,Rustic Winter Woods,26,13,1993-03-16,https://www.youtube.com/embed/RulXVcpgpqw,https://www.twoinchbrush.com/images/painting346.png,7,
339,Wilderness Falls,27,1,1993-03-23,https://www.youtube.com/embed/0mJqzzeWyXs,https://www.twoinchbrush.com/images/painting347.png,11,
340,Winter at the Farm,27,2,1993-03-30,https://www.youtube.com/embed/XlwfcXZ0AIU,https://www.twoinchbrush.com/images/painting348.png,15,
341,Daisies at Dawn,27,3,1993-04-06,https://www.youtube.com/embed/3q8Zi9480lw,https://www.twoinchbrush.com/images/painting349.png,6,
342,A Spectacular View,27,4,1993-04-13,https://www.youtube.com/embed/gxd0MPX8c6I,https://www.twoinchbrush.com/images/painting350.png,15,
343,Daybreak,27,5,1993-04-20,https://www.youtube.com/embed/LeIVNKnWz7o,https://www.twoinchbrush.com/images/painting351.png,7,
344,Island Paradise,27,6,1993-04-27,https://www.youtube.com/embed/_kkZcIgocBM,https://www.twoinchbrush.com/images/painting352.png,8,
345,Sunlight in the Shadows,27,7,1993-05-04,https://www.youtube.com/embed/7R9HcaDT9P4,https://www.twoinchbrush.com/images/painting353.png,11,
346,Splendor of a Snowy Winter,27,8,1993-05-11,https://www.youtube.com/embed/crWDcTvDmec,https://www.twoinchbrush.com/images/painting354.png,7,
347,Forest River,27,9,1993-05-18,https://www.youtube.com/embed/Cg3XAVhAas0,https://www.twoinchbrush.com/images/painting355.png,12,
348,Golden Glow of Morning,27,10,1993-05-20,https://www.youtube.com/embed/xgjQ0v2d9mE,https://www.twoinchbrush.com/images/painting356.png,7,
349,Fisherman's Trail,27,11,1993-05-25,https://www.youtube.com/embed/JdXCoxkOdwQ,https://www.twoinchbrush.com/images/painting357.png,9,
350,A Warm Winter,27,12,1993-06-01,https://www.youtube.com/embed/wrbGlR22K0Q,https://www.twoinchbrush.com/images/painting358.png,14,
351,Under Pastel Skies,27,13,1993-06-08,https://www.youtube.com/embed/qXElmiqzcI0,https://www.twoinchbrush.com/images/painting359.png,9,
352,Golden Rays of Sunlight,28,1,1993-06-15,https://www.youtube.com/embed/VnZEpic2UzU,https://www.twoinchbrush.com/images/painting360.png,12,"{""special"": ""Christmas special""}"
353,The Magic of Fall,28,2,1993-06-22,https://www.youtube.com/embed/_TTdw3YnXuo,https://www.twoinchbrush.com/images/painting361.png,9,
354,Glacier Lake,28,3,1993-06-29,https://www.youtube.com/embed/lzODyJS2ZIg,https://www.twoinchbrush.com/images/painting362.png,12,
355,The Old Weathered Barn,28,4,1993-07-06,https://www.youtube.com/embed/zxj3xLDNxo0,https://www.twoinchbrush.com/images/painting363.png,8,
356,Deep Forest Falls,28,5,1993-07-13,https://www.youtube.com/embed/bSm3fmEyJ20,https://www.twoinchbrush.com/images/painting364.png,10,
357,Winter's Grace,28,6,1993-07-20,https://www.youtube.com/embed/TohG7F8M3Ls,https://www.twoinchbrush.com/images/painting365.png,12,
358,Splendor of Autumn,28,7,1993-07-27,https://www.youtube.com/embed/NYUIIBFj0iQ,https://www.twoinchbrush.com/images/painting366.png,9,
359,Tranquil Seas,28,8,1993-08-03,https://www.youtube.com/embed/urHQRbRNuYI,https://www.twoinchbrush.com/images/painting367.png,13,
360,Mountain Serenity,28,9,1993-08-10,https://www.youtube.com/embed/mxJ2On9wyvY,https://www.twoinchbrush.com/images/painting368.png,4,
361,Home Before Nightfall,28,10,1993-08-17,https://www.youtube.com/embed/hEyR2FDp-00,https://www.twoinchbrush.com/images/painting369.png,11,
362,Island in the Wilderness,28,11,1993-08-24,https://www.youtube.com/embed/kN1DP_yqs-A,https://www.twoinchbrush.com/images/painting370.png,11,
363,Autumn Oval,28,12,1993-08-31,https://www.youtube.com/embed/wc_YVijYjT4,https://www.twoinchbrush.com/images/painting371.png,13,
364,Seasonal Progression,28,13,1993-09-07,https://www.youtube.com/embed/22SiIDvyJeM,https://www.twoinchbrush.com/images/painting372.png,8,
365,Light at the Summit,29,1,1993-09-14,https://www.youtube.com/embed/lLWEXRAnQd0,https://www.twoinchbrush.com/images/painting373.png,13,
366,Countryside Barn,29,2,1993-09-21,https://www.youtube.com/embed/2XnIdinwot0,https://www.twoinchbrush.com/images/painting374.png,10,
367,Mountain Lake Falls,29,3,1993-09-28,https://www.youtube.com/embed/T2G5waMfQ-g,https://www.twoinchbrush.com/images/painting375.png,13,
368,Cypress Creek,29,4,1993-10-05,https://www.youtube.com/embed/HOdS-G8p1KE,https://www.twoinchbrush.com/images/painting376.png,14,
369,Trapper's Cabin,29,5,1993-10-12,https://www.youtube.com/embed/G7Etn7QMeO4,https://www.twoinchbrush.com/images/painting377.png,12,
370,Storm on the Horizon,29,6,1993-10-19,https://www.youtube.com/embed/dNEp3hoHSDI,https://www.twoinchbrush.com/images/painting378.png,9,"{""guest"": ""Steve Ross"", ""relationship"": ""son""}"
371,Pot O' Posies,29,7,1993-10-26,https://www.youtube.com/embed/Tnb2cXKKuWM,https://www.twoinchbrush.com/images/painting379.png,11,
372,A Perfect Winter Day,29,8,1993-11-02,https://www.youtube.com/embed/chhCkmp0RG8,https://www.twoinchbrush.com/images/painting380.png,12,
373,Aurora's Dance,29,9,1993-11-09,https://www.youtube.com/embed/pA_2paUhBAQ,https://www.twoinchbrush.com/images/painting381.png,9,
374,Woodsman's Retreat,29,10,1993-11-16,https://www.youtube.com/embed/2zv_S_uVoVQ,https://www.twoinchbrush.com/images/painting382.png,6,
375,Babbling Brook,29,11,1993-11-23,https://www.youtube.com/embed/Io4fwhacpEs,https://www.twoinchbrush.com/images/painting383.png,7,
376,Woodgrain View,29,12,1993-11-30,https://www.youtube.com/embed/iRMsb9Vf7GM,https://www.twoinchbrush.com/images/painting384.png,9,
377,Winter's Peace,29,13,1993-12-07,https://www.youtube.com/embed/ODrV0dfQcNs,https://www.twoinchbrush.com/images/painting385.png,12,
378,Wilderness Trail,30,1,1993-12-14,https://www.youtube.com/embed/ZHUdS0wEaKk,https://www.twoinchbrush.com/images/painting386.png,12,
379,A Copper Winter,30,2,1993-12-21,https://www.youtube.com/embed/fcx1yUuSf3o,https://www.twoinchbrush.com/images/painting387.png,13,
380,Misty Foothills,30,3,1993-12-28,https://www.youtube.com/embed/Xzv3iiWi1Wo,https://www.twoinchbrush.com/images/painting388.png,10,
381,Through the Window,30,4,1994-01-04,https://www.youtube.com/embed/vGsW_6BCukU,https://www.twoinchbrush.com/images/painting389.png,13,
382,Home in the Valley,30,5,1994-01-11,https://www.youtube.com/embed/BSjee-ond7w,https://www.twoinchbrush.com/images/painting390.png,13,
383,Seaside Harmony,30,6,1994-01-25,https://www.youtube.com/embed/LEz4UVL7POE,https://www.twoinchbrush.com/images/painting391.png,10,
384,A Cold Spring Day,30,7,1994-02-01,https://www.youtube.com/embed/SrN4A9rVXj0,https://www.twoinchbrush.com/images/painting392.png,7,
385,Evening's Glow,30,8,1994-02-08,https://www.youtube.com/embed/enutOy-nsZk,https://www.twoinchbrush.com/images/painting393.png,13,
386,Blue Ridge Falls,30,9,1994-02-15,https://www.youtube.com/embed/nXlu_Q0sR7c,https://www.twoinchbrush.com/images/painting394.png,11,"{""guest"": ""Steve Ross"", ""relationship"": ""son""}"
387,Reflections of Calm,30,10,1994-02-22,https://www.youtube.com/embed/CY6sGFs209E,https://www.twoinchbrush.com/images/painting395.png,12,
388,Before the Snowfall,30,11,1994-03-01,https://www.youtube.com/embed/jq8bIbpW7DQ,https://www.twoinchbrush.com/images/painting396.png,13,
389,Winding Stream,30,12,1994-03-08,https://www.youtube.com/embed/eTEKGOi6SVg,https://www.twoinchbrush.com/images/painting397.png,10,
390,Tranquility Cove,30,13,1994-03-15,https://www.youtube.com/embed/fz0YjqtHW84,https://www.twoinchbrush.com/images/painting398.png,12,
391,Cabin in the Hollow,31,1,1994-03-22,https://www.youtube.com/embed/kJFB6rH3z2A,https://www.twoinchbrush.com/images/painting399.png,12,
392,View From Clear Creek,31,2,1994-03-29,https://www.youtube.com/embed/_MdMhQIOL1Y,https://www.twoinchbrush.com/images/painting400.png,7,
393,Bridge to Autumn,31,3,1994-04-05,https://www.youtube.com/embed/QDwd4pMYyuo,https://www.twoinchbrush.com/images/painting401.png,13,
394,Trail's End,31,4,1994-04-12,https://www.youtube.com/embed/7t6ue0pEcNE,https://www.twoinchbrush.com/images/painting402.png,11,
395,Evergreen Valley,31,5,1994-04-19,https://www.youtube.com/embed/KYlM2zJnNWY,https://www.twoinchbrush.com/images/painting403.png,7,
396,Balmy Beach,31,6,1994-04-26,https://www.youtube.com/embed/TLX1bmS8wBE,https://www.twoinchbrush.com/images/painting404.png,13,
397,Lake at the Ridge,31,7,1994-05-03,https://www.youtube.com/embed/ReENCTH7MYI,https://www.twoinchbrush.com/images/painting405.png,11,
398,In the Midst of Winter,31,8,1994-05-10,https://www.youtube.com/embed/XWQrP-WiLgc,https://www.twoinchbrush.com/images/painting406.png,10,
399,Wilderness Day,31,9,1994-05-17,https://www.youtube.com/embed/mEU0stNfkxI,https://www.twoinchbrush.com/images/painting407.png,14,
